Tin,Full.Sample.ID,Sample_Code,Snail_Num,Treatment,Color,Pre.burned.pan,Dry.Snail.Weight,Ashed.Snails.Ashed.Tin,Date.weighed,Date.ashed,Tissue.Mass,Shell.Mass,length,width
99,BRB1_1,BRB1,1,Ambient + Crab,B,208.831,0.149,208.932,20251022,20251020,0.048,0.101,0.97,0.88
27,BRB2_1,BRB2,1,Ambient + Crab,B,207.358,0.175,207.475,20251006,20251008,0.058,0.117,1.17,0.95
66,BRB2_2,BRB2,2,Ambient + Crab,B,206.411,0.064,206.445,20251014,20251014,0.03,0.034,1.12,0.89
59,BRB3_2,BRB3,2,Ambient + Crab,B,205.967,0.205,206.099,20251014,20251014,0.073,0.132,NA,NA
94,BRB4_1,BRB4,1,Ambient + Crab,B,210.429,0.106,210.484,20251022,20251020,0.051,0.055,1.13,0.87
140,BRB4_2,BRB4,2,Ambient + Crab,B,210.254,0.102,210.333,20251029,20251028,0.023,0.079,1.02,0.81
124,BRB5_1,BRB5,1,Ambient + Crab,B,210.287,0.155,210.41,20251029,20251028,0.032,0.123,1.17,0.9
161,BRB5_2,BRB5,2,Ambient + Crab,B,210.389,0.214,210.537,20251029,20251028,0.066,0.148,1.15,0.98
93,BRB6_1,BRB6,1,Ambient + Crab,B,207.755,0.24,207.915,20251022,20251020,0.08,0.16,1.36,1.11
115,BRG1_1,BRG1,1,Ambient + No Crab,G,207.782,0.088,207.805,20251029,20251028,0.065,0.023,1.24,0.94
152,BRG1_2,BRG1,2,Ambient + No Crab,G,208.152,0.095,208.225,20251029,20251028,0.022,0.073,0.97,0.85
83,BRG2_1,BRG2,1,Ambient + No Crab,G,207.958,0.138,208.051,20251022,20251020,0.045,0.093,1.09,0.85
151,BRG2_2,BRG2,2,Ambient + No Crab,G,210.383,0.075,210.435,20251029,20251028,0.023,0.052,1.02,0.91
133,BRG3_1,BRG3,1,Ambient + No Crab,G,209.425,0.24,209.602,20251029,20251028,0.063,0.177,1.24,0.96
170,BRG3_2,BRG3,2,Ambient + No Crab,G,208.48,0.433,208.768,20251029,20251028,0.145,0.288,1.5,1.1
71,BRG4_1,BRG4,1,Ambient + No Crab,G,206.75,0.242,206.934,20251014,20251014,0.058,0.184,1.19,1.05
104,BRG4_2,BRG4,2,Ambient + No Crab,G,209.423,0.246,209.616,20251022,20251020,0.053,0.193,1.16,1.04
122,BRG5_1,BRG5,1,Ambient + No Crab,G,209.002,0.204,209.149,20251029,20251028,0.057,0.147,1.22,0.94
159,BRG5_2,BRG5,2,Ambient + No Crab,G,208.828,0.177,208.947,20251029,20251028,0.058,0.119,1.28,0.97
88,BRG6_1,BRG6,1,Ambient + No Crab,G,210.315,0.114,210.394,20251022,20251020,0.035,0.079,1.03,0.89
146,BRG6_2,BRG6,2,Ambient + No Crab,G,208.643,0.103,208.727,20251029,20251028,0.019,0.084,1.09,0.92
17,BRP1_1,BRP1,1,Heated + No Crab,P,207.937,0.225,208.082,20251006,20251008,0.08,0.145,1.28,0.86
56,BRP1_2,BRP1,2,Heated + No Crab,P,206.742,0.341,206.976,20251014,20251014,0.107,0.234,1.33,0.94
7,BRP2_1,BRP2,1,Heated + No Crab,P,206.712,0.019,206.71,20251006,20251008,0.021,-0.002,1,0.64
76,BRP2_2,BRP2,2,Heated + No Crab,P,207.442,0.137,207.539,20251014,20251014,0.04,0.097,1,0.73
6,BRP3_1,BRP3,1,Heated + No Crab,P,208.713,0.313,208.926,20251006,20251008,0.1,0.213,1.31,0.81
77,BRP3_2,BRP3,2,Heated + No Crab,P,208.33,0.184,208.457,20251014,20251014,0.057,0.127,1,0.79
8,BRP4_1,BRP4,1,Heated + No Crab,P,206.777,0.095,206.827,20251006,20251008,0.045,0.05,1.23,0.84
75,BRP4_2,BRP4,2,Heated + No Crab,P,206.97,0.264,207.142,20251014,20251014,0.092,0.172,1.2,0.96
116,BRP5_1,BRP5,1,Heated + No Crab,P,210.495,0.051,210.542,20251029,20251028,0.004,0.047,0.82,0.66
153,BRP5_2,BRP5,2,Heated + No Crab,P,207.675,0.097,207.752,20251029,20251028,0.02,0.077,0.98,0.84
16,BRP6_1,BRP6,1,Heated + No Crab,P,207.385,0.151,207.504,20251006,20251008,0.032,0.119,1.12,0.9
57,BRP6_2,BRP6,2,Heated + No Crab,P,207.405,0.176,207.542,20251014,20251014,0.039,0.137,1.26,0.93
137,BRR1_2,BRR1,2,Heated + Crab,R,210.162,0.055,210.287,20251029,20251028,-0.07,0.125,NA,NA
13,BRR2_5,BRR2,5,Heated + Crab,R,207.195,0.053,207.23,20251006,20251008,0.018,0.035,1.12,0.84
60,BRR2_6,BRR2,6,Heated + Crab,R,205.69,0.198,205.831,20251014,20251014,0.057,0.141,1.18,0.89
14,BRR3_1,BRR3,1,Heated + Crab,R,207.561,0.334,207.81,20251006,20251008,0.085,0.249,1.36,1.06
10,BRR4_1,BRR4,1,Heated + Crab,R,206.22,0.218,206.377,20251006,20251008,0.061,0.157,1.23,0.79
63,BRR4_2,BRR4,2,Heated + Crab,R,209.373,0.218,209.527,20251014,20251014,0.064,0.154,1.16,0.7
119,BRR5_1,BRR5,1,Heated + Crab,R,209.079,0.111,209.164,20251029,20251028,0.026,0.085,1.03,0.82
156,BRR5_2,BRR5,2,Heated + Crab,R,209.614,0.055,209.652,20251029,20251028,0.017,0.038,0.9,0.73
96,BRR6_1,BRR6,1,Heated + Crab,R,209.698,0.133,209.792,20251022,20251020,0.039,0.094,1.1,0.84
138,BRR6_2,BRR6,2,Heated + Crab,R,210.922,0.126,211.021,20251029,20251028,0.027,0.099,1.09,0.79
126,CRB1_1,CRB1,1,Ambient + Crab,B,208.58,0.192,208.717,20251029,20251028,0.055,0.137,1.14,0.93
163,CRB1_2,CRB1,2,Ambient + Crab,B,209.49,0.178,209.605,20251029,20251028,0.063,0.115,1.13,0.91
129,CRB2_1,CRB2,1,Ambient + Crab,B,207.563,0.411,207.845,20251029,20251028,0.129,0.282,1.41,1.04
166,CRB2_2,CRB2,2,Ambient + Crab,B,210.145,0.318,210.364,20251029,20251028,0.099,0.219,1.31,0.94
26,CRB3_1,CRB3,1,Ambient + Crab,B,206.618,0.131,206.633,20251006,20251008,0.116,0.015,1.38,1.06
111,CRB3_2,CRB3,2,Ambient + Crab,B,208.629,0.2,208.779,20251022,20251020,0.05,0.15,1.17,0.91
90,CRB4_1,CRB4,1,Ambient + Crab,B,209.143,0.25,209.332,20251022,20251020,0.061,0.189,1.29,1.03
144,CRB4_3,CRB4,3,Ambient + Crab,B,208.366,0.331,208.627,20251029,20251028,0.07,0.261,1.45,1.19
87,CRB5_1,CRB5,1,Ambient + Crab,B,208.957,0.255,209.104,20251022,20251020,0.108,0.147,1.34,1.01
147,CRB5_2,CRB5,2,Ambient + Crab,B,210.772,0.233,210.948,20251029,20251028,0.057,0.176,1.25,1.05
135,CRB6_1,CRB6,1,Ambient + Crab,B,208.374,0.341,208.636,20251029,20251028,0.079,0.262,0.91,0.64
172,CRB6_2,CRB6,2,Ambient + Crab,B,210.057,0.131,210.171,20251029,20251028,0.017,0.114,0.73,0.58
85,CRG1_1,CRG1,1,Ambient + No Crab,G,208.725,0.062,208.761,20251022,20251020,0.026,0.036,0.91,0.82
149,CRG1_2,CRG1,2,Ambient + No Crab,G,209.748,0.141,209.85,20251029,20251028,0.039,0.102,1.18,1.04
125,CRG2_1,CRG2,1,Ambient + No Crab,G,209.922,0.212,210.083,20251029,20251028,0.051,0.161,1.09,0.94
162,CRG2_2,CRG2,2,Ambient + No Crab,G,207.873,0.121,207.97,20251029,20251028,0.024,0.097,1.08,0.89
97,CRG3_1,CRG3,1,Ambient + No Crab,G,206.755,0.185,206.894,20251022,20251020,0.046,0.139,1.16,0.88
137,CRG3_2,CRG3,2,Ambient + No Crab,G,209.268,0.12,209.272,20251029,20251028,0.116,0.004,1.03,0.73
118,CRG4_1,CRG4,1,Ambient + No Crab,G,209.632,0.447,209.972,20251029,20251028,0.107,0.34,1.57,1.22
155,CRG4_2,CRG4,2,Ambient + No Crab,G,209.732,0.263,209.908,20251029,20251028,0.087,0.176,1.29,1.02
86,CRG5_1,CRG5,1,Ambient + No Crab,G,209.786,0.173,209.899,20251022,20251020,0.06,0.113,1.21,1.05
148,CRG5_2,CRG5,2,Ambient + No Crab,G,209.671,0.076,209.727,20251029,20251028,0.02,0.056,0.92,0.83
132,CRG6_1,CRG6,1,Ambient + No Crab,G,209.898,0.35,210.141,20251029,20251028,0.107,0.243,1.4,1.13
169,CRG6_2,CRG6,2,Ambient + No Crab,G,209.885,0.203,210.032,20251029,20251028,0.056,0.147,1.22,0.9
72,CRP1_1,CRP1,1,Heated + No Crab,P,206.224,0.321,206.47,20251014,20251014,0.075,0.246,1.33,0.97
105,CRP1_2,CRP1,2,Heated + No Crab,P,209.543,0.214,209.71,20251022,20251020,0.047,0.167,1.16,0.96
92,CRP2_1,CRP2,1,Heated + No Crab,P,208.366,0.306,208.583,20251022,20251020,0.089,0.217,1.48,1.05
142,CRP2_2,CRP2,2,Heated + No Crab,P,210.222,0.364,210.45,20251029,20251028,0.136,0.228,1.53,1
25,CRP3_1,CRP3,1,Heated + No Crab,P,207.245,0.156,207.364,20251006,20251008,0.037,0.119,1.14,0.83
112,CRP3_2,CRP3,2,Heated + No Crab,P,209.347,0.24,209.515,20251022,20251020,0.072,0.168,1.24,1
70,CRP4_1,CRP4,1,Heated + No Crab,P,207.299,0.145,207.394,20251014,20251014,0.05,0.095,1.12,0.99
69,CRP4_2,CRP4,2,Heated + No Crab,P,209.555,0.129,209.643,20251022,20251020,0.041,0.088,1.01,0.92
117,CRP6_1,CRP6,1,Heated + No Crab,P,211.002,0.161,211.122,20251029,20251028,0.041,0.12,1.13,0.94
154,CRP6_2,CRP6,2,Heated + No Crab,P,207.959,0.184,208.098,20251029,20251028,0.045,0.139,1.12,0.93
121,CRR1_1,CRR1,1,Heated + Crab,R,209.896,0.209,210.055,20251029,20251028,0.05,0.159,1.43,1.17
158,CRR1_2,CRR1,2,Heated + Crab,R,208.738,0.331,208.978,20251029,20251028,0.091,0.24,1.21,1.04
91,CRR2_1,CRR2,1,Heated + Crab,R,210.741,0.127,210.833,20251022,20251020,0.035,0.092,1.02,0.8
143,CRR2_2,CRR2,2,Heated + Crab,R,208.081,0.123,208.174,20251029,20251028,0.03,0.093,1.02,0.84
30,CRR3_1,CRR3,1,Heated + Crab,R,208.512,0.177,208.644,20251006,20251008,0.045,0.132,1.15,0.89
107,CRR3_2,CRR3,2,Heated + Crab,R,210.139,0.164,210.256,20251022,20251020,0.047,0.117,1.15,0.85
84,CRR4_1,CRR4,1,Heated + Crab,R,207.001,0.228,207.153,20251022,20251020,0.076,0.152,1.24,0.97
109,CRR4_2,CRR4,2,Heated + Crab,R,209.575,0.233,209.706,20251022,20251020,0.102,0.131,1.22,0.9
127,CRR5_1,CRR5,1,Heated + Crab,R,209.771,0.327,209.997,20251029,20251028,0.101,0.226,1.4,0.96
164,CRR5_2,CRR5,2,Heated + Crab,R,210.003,0.348,210.21,20251029,20251028,0.141,0.207,1.43,1.13
145,CRR6_2,CRR6,2,Heated + Crab,R,209.044,0.314,209.284,20251029,20251028,0.074,0.24,1.33,1.11
89,CRR6_1,CRR6,1,Heated + Crab,R,208.737,0.332,208.982,20251022,20251020,0.087,0.245,1.31,1.15
95,RIB1_1,RIB1,1,Ambient + Crab,B,211.103,0.283,211.284,20251022,20251020,0.102,0.181,1.44,1.13
139,RIB1_2,RIB1,2,Ambient + Crab,B,209.702,0.269,209.887,20251029,20251028,0.084,0.185,1.31,0.98
11,RIB2_1,RIB2,1,Ambient + Crab,B,208.194,0.215,208.325,20251006,20251008,0.084,0.131,1.31,0.93
62,RIB2_2,RIB2,2,Ambient + Crab,B,206.406,0.185,206.501,20251014,20251014,0.09,0.095,1.25,0.94
31,RIB3_1,RIB3,1,Ambient + Crab,B,207.793,0.189,207.928,20251006,20251008,0.054,0.135,1.09,0.91
74,RIB3_2,RIB3,2,Ambient + Crab,B,206.66,0.198,206.816,20251014,20251014,0.042,0.156,1.11,0.88
15,RIB4_1,RIB4,1,Ambient + Crab,B,206.707,0.369,206.959,20251006,20251008,0.117,0.252,0.91,0.72
58,RIB4_2,RIB4,2,Ambient + Crab,B,206.803,0.327,207.043,20251014,20251014,0.087,0.24,0.87,0.67
101,RIB5_1,RIB5,1,Ambient + Crab,B,209.398,0.097,209.459,20251022,20251020,0.036,0.061,0.95,0.75
68,RIB5_2,RIB5,2,Ambient + Crab,B,207.516,0.058,207.549,20251014,20251014,0.025,0.033,0.76,0.71
134,RIB6_1,RIB6,1,Ambient + Crab,B,208.976,0.447,209.318,20251029,20251028,0.105,0.342,1.54,1.19
171,RIB6_2,RIB6,2,Ambient + Crab,B,209.927,0.337,210.176,20251029,20251028,0.088,0.249,1.18,1.16
65,RIG2_2,RIG2,2,Ambient + No Crab,G,205.975,0.276,206.152,20251014,20251014,0.099,0.177,1.43,0.96
102,RIG3_1,RIG3,1,Ambient + No Crab,G,208.763,0.067,208.815,20251022,20251020,0.015,0.052,0.86,0.74
69,RIG3_2,RIG3,2,Ambient + No Crab,G,207.567,NA,NA,20251014,20251014,NA,NA,0.89,0.86
61,RIG4_2,RIG4,2,Ambient + No Crab,G,206.744,0.199,206.879,20251014,20251014,0.064,0.135,1.16,0.9
131,RIP1_1,RIP1,1,Heated + No Crab,P,208.821,0.075,208.869,20251029,20251028,0.027,0.048,0.88,0.69
168,RIP1_2,RIP1,2,Heated + No Crab,P,210.689,0.088,210.751,20251029,20251028,0.026,0.062,0.96,0.68
82,RIP2_10,RIP2,10,Heated + No Crab,P,205.838,0.123,205.914,20251014,20251014,0.047,0.076,1.01,0.84
1,RIP2_9,RIP2,9,Heated + No Crab,P,206.11,0.089,NA,20251006,20251008,NA,NA,1.09,0.85
4,RIP3_1,RIP3,1,Heated + No Crab,P,206.128,0.228,206.278,20251006,20251008,0.078,0.15,1.18,0.88
79,RIP3_2,RIP3,2,Heated + No Crab,P,207.461,0.193,207.593,20251014,20251014,0.061,0.132,1.06,0.87
5,RIP4_1,RIP4,1,Heated + No Crab,P,207.76,0.196,207.919,20251006,20251008,0.037,0.159,1.13,0.78
78,RIP4_2,RIP4,2,Heated + No Crab,P,207.908,0.167,208.039,20251014,20251014,0.036,0.131,1.01,0.69
9,RIP5_1,RIP5,1,Heated + No Crab,P,207.865,NA,NA,20251006,20251008,NA,NA,0.83,0.54
64,RIP5_2,RIP5,2,Heated + No Crab,P,207.766,0.074,207.826,20251014,20251014,0.014,0.06,0.81,0.53
100,RIP6_1,RIP6,1,Heated + No Crab,P,206.605,0.093,206.674,20251022,20251020,0.024,0.069,0.89,0.8
67,RIP6_2,RIP6,2,Heated + No Crab,P,206.942,0.161,207.057,20251014,20251014,0.046,0.115,1.07,0.93
98,RIR1_1,RIR1,1,Heated + Crab,R,209.661,0.162,209.777,20251022,20251020,0.046,0.116,1.06,0.91
136,RIR1_2,RIR1,2,Heated + Crab,R,210.162,0.055,210.287,20251029,20251028,-0.07,0.125,1.07,0.81
2,RIR2_1,RIR2,1,Heated + Crab,R,206.062,0.026,206.075,20251006,20251008,0.013,0.013,1.27,0.99
81,RIR2_2,RIR2,2,Heated + Crab,R,205.408,0.291,205.552,20251014,20251014,0.147,0.144,1.31,0.95
73,RIR3_1,RIR3,1,Heated + Crab,R,206.297,0.134,206.388,20251014,20251014,0.043,0.091,1.24,0.97
113,RIR3_2,RIR3,2,Heated + Crab,R,210.422,0.235,210.579,20251022,20251020,0.078,0.157,1.22,0.9
3,RIR4_1,RIR4,1,Heated + Crab,R,207.199,0.115,207.289,20251006,20251008,0.025,0.09,1.43,1.01
80,RIR4_2,RIR4,2,Heated + Crab,R,207.327,0.453,207.58,20251014,20251014,0.2,0.253,1.42,0.96
55,RIR5_1,RIR5,1,Heated + Crab,R,206.607,0.128,206.69,20251014,20251014,0.045,0.083,1.1,0.9
106,RIR5_2,RIR5,2,Heated + Crab,R,209.33,0.056,209.362,20251022,20251020,0.024,0.032,0.79,0.75
123,RIR6_1,RIR6,1,Heated + Crab,R,209.386,0.276,209.575,20251029,20251028,0.087,0.189,1.49,0.98
160,RIR6_2,RIR6,2,Heated + Crab,R,209.13,0.265,209.316,20251029,20251028,0.079,0.186,1.23,0.92
