Tin..,Full.Sample.ID,Color,Pre.burned.pan,Dry.Snail.Weight,Ashed.Snails...Ashed.Tin,Date.weighed,Date.ashed,Notes,,,
99,BRB1_1,B,208.831,0.149,208.932,20251022,20251020,,,Only one BRB1,
141,BRB2,B,208.519,0.199,208.663,20251029,20251028,Last digit not on tube,,,
27,BRB2_1,B,207.358,0.175,207.475,20251006,20251008,,,,
66,BRB2_2,B,206.411,0.064,206.445,20251014,20251014,Fragmented,,,
59,BRB3_2,B,205.967,0.205,206.099,20251014,20251014,,,Only one BRB3,
94,BRB4_1,B,210.429,0.106,210.484,20251022,20251020,,,,
140,BRB4_2,B,210.254,0.102,210.333,20251029,20251028,,,,
124,BRB5_1,B,210.287,0.155,210.41,20251029,20251028,,,,
161,BRB5_2,B,210.389,0.214,210.537,20251029,20251028,,,,
93,BRB6_1,B,207.755,0.24,207.915,20251022,20251020,,,Only one BRB6,
115,BRG1_1,G,207.782,0.088,207.805,20251029,20251028,,,,
152,BRG1_2,G,208.152,0.095,208.225,20251029,20251028,,,,
83,BRG2_1,G,207.958,0.138,208.051,20251022,20251020,,,,
151,BRG2_2,G,210.383,0.075,210.435,20251029,20251028,,,,
133,BRG3_1,G,209.425,0.24,209.602,20251029,20251028,,,,
170,BRG3_2,G,208.48,0.433,208.768,20251029,20251028,,,,
20,BRG4_1,G,206.893,0.193,207.062,20251006,20251008,,,,
71,BRG4_1 (UPDATED),G,206.75,0.242,206.934,20251014,20251014,,,,
52,BRG4_2,G,206.871,0.203,206.969,20251014,20251014,,,,
104,BRG4_2 (UPDATED),G,209.423,0.246,209.616,20251022,20251020,,,,
122,BRG5_1,G,209.002,0.204,209.149,20251029,20251028,,,,
159,BRG5_2,G,208.828,0.177,208.947,20251029,20251028,,,,
88,BRG6_1,G,210.315,0.114,210.394,20251022,20251020,,,,
146,BRG6_2,G,208.643,0.103,208.727,20251029,20251028,,,,
17,BRP1_1,P,207.937,0.225,208.082,20251006,20251008,,,,
56,BRP1_2,P,206.742,0.341,206.976,20251014,20251014,,,,
7,BRP2_1,P,206.712,0.019,206.71,20251006,20251008,Dry snail fragment,,,
76,BRP2_2,P,207.442,0.137,207.539,20251014,20251014,,,,
6,BRP3_1,P,208.713,0.313,208.926,20251006,20251008,,,,
77,BRP3_2,P,208.33,0.184,208.457,20251014,20251014,,,,
8,BRP4_1,P,206.777,0.095,206.827,20251006,20251008,,,,
75,BRP4_2,P,206.97,0.264,207.142,20251014,20251014,,,,
116,BRP5_1,P,210.495,0.051,210.542,20251029,20251028,,,,
153,BRP5_2,P,207.675,0.097,207.752,20251029,20251028,,,,
16,BRP6_1,P,207.385,0.151,207.504,20251006,20251008,,,,
57,BRP6_2,P,207.405,0.176,207.542,20251014,20251014,,,,
137,BRR1_2,R,210.162,0.055,210.287,20251029,20251028,,,Only 1 BRR1,
13,BRR2_5,R,207.195,0.053,207.23,20251006,20251008,,,,
60,BRR2_6,R,205.69,0.198,205.831,20251014,20251014,Uncommon ID,,,
14,BRR3_1,R,207.561,0.334,207.81,20251006,20251008,,,Only 1 BRR3,
10,BRR4_1,R,206.22,0.218,206.377,20251006,20251008,,,,
63,BRR4_2,R,209.373,0.218,209.527,20251014,20251014,,,,
119,BRR5_1,R,209.079,0.111,209.164,20251029,20251028,,,,
156,BRR5_2,R,209.614,0.055,209.652,20251029,20251028,,,,
96,BRR6_1,R,209.698,0.133,209.792,20251022,20251020,,,,
138,BRR6_2,R,210.922,0.126,211.021,20251029,20251028,,,,
126,CRB1_1,B,208.58,0.192,208.717,20251029,20251028,,,,
163,CRB1_2,B,209.49,0.178,209.605,20251029,20251028,,,,
129,CRB2_1,B,207.563,0.411,207.845,20251029,20251028,,,,
166,CRB2_2,B,210.145,0.318,210.364,20251029,20251028,,,,
26,CRB3_1,B,206.618,0.131,206.633,20251006,20251008,,,,
111,CRB3_2,B,208.629,0.2,208.779,20251022,20251020,,,,
90,CRB4_1,B,209.143,0.25,209.332,20251022,20251020,,,,
144,CRB4_3,B,208.366,0.331,208.627,20251029,20251028,,,,
87,CRB5_1,B,208.957,0.255,209.104,20251022,20251020,,,,
147,CRB5_2,B,210.772,0.233,210.948,20251029,20251028,,,,
135,CRB6_1,B,208.374,0.341,208.636,20251029,20251028,,,,
172,CRB6_2,B,210.057,0.131,210.171,20251029,20251028,,,,
85,CRG1_1,G,208.725,0.062,208.761,20251022,20251020,,,,
149,CRG1_2,G,209.748,0.141,209.85,20251029,20251028,,,,
125,CRG2_1,G,209.922,0.212,210.083,20251029,20251028,,,,
162,CRG2_2,G,207.873,0.121,207.97,20251029,20251028,,,,
97,CRG3_1,G,206.755,0.185,206.894,20251022,20251020,,,,
137,CRG3_2,G,209.268,0.12,209.272,20251029,20251028,,,,
118,CRG4_1,G,209.632,0.447,209.972,20251029,20251028,,,,
155,CRG4_2,G,209.732,0.263,209.908,20251029,20251028,,,,
86,CRG5_1,G,209.786,0.173,209.899,20251022,20251020,,,,
148,CRG5_2,G,209.671,0.076,209.727,20251029,20251028,,,,
132,CRG6_1,G,209.898,0.35,210.141,20251029,20251028,,,,
169,CRG6_2,G,209.885,0.203,210.032,20251029,20251028,,,,
51,CRP1_1,P,207.65,0.324,207.888,20251014,20251014,,,,
72,CRP1_1 (UPDATED),P,206.224,0.321,206.47,20251014,20251014,,,,
53,CRP1_2,P,207.636,0.235,207.816,20251014,20251014,,,,
105,CRP1_2 (UPDATED),P,209.543,0.214,209.71,20251022,20251020,,,,
92,CRP2_1,P,208.366,0.306,208.583,20251022,20251020,,,,
142,CRP2_2,P,210.222,0.364,210.45,20251029,20251028,,,,
25,CRP3_1,P,207.245,0.156,207.364,20251006,20251008,,,,
112,CRP3_2,P,209.347,0.24,209.515,20251022,20251020,,,,
114,CRP4_1,P,210.502,0.249,210.668,20251029,20251028,,,,
70,CRP4_1 (UPDATED),P,207.299,0.145,207.394,20251014,20251014,,,Missing CRP5,
22,CRP4_2,P,207.653,0.207,207.788,20251006,20251008,,,,
69,CRP4_2 (UPDATED),P,209.555,0.129,209.643,20251022,20251020,,,,
117,CRP6_1,P,211.002,0.161,211.122,20251029,20251028,,,,
154,CRP6_2,P,207.959,0.184,208.098,20251029,20251028,,,,
121,CRR1_1,R,209.896,0.209,210.055,20251029,20251028,,,,
158,CRR1_2,R,208.738,0.331,208.978,20251029,20251028,,,,
91,CRR2_1,R,210.741,0.127,210.833,20251022,20251020,,,,
143,CRR2_2,R,208.081,0.123,208.174,20251029,20251028,,,,
29,CRR3_1,R,206.57,0.188,206.705,20251006,20251008,,,,
30,CRR3_1 (UPDATED),R,208.512,0.177,208.644,20251006,20251008,,,,
108,CRR3_2,R,209.202,0.18,209.327,20251022,20251020,,,,
107,CRR3_2 (UPDATED),R,210.139,0.164,210.256,20251022,20251020,,,,
28,CRR4_1,R,207.709,0.188,207.82,20251006,20251008,,,,
84,CRR4_1,R,207.001,0.228,207.153,20251022,20251020,,,,
150,CRR4_2,R,210.109,0.187,210.25,20251029,20251028,,,,
109,CRR4_2,R,209.575,0.233,209.706,20251022,20251020,,,,
127,CRR5_1,R,209.771,0.327,209.997,20251029,20251028,,,,
164,CRR5_2,R,210.003,0.348,210.21,20251029,20251028,,,,
145,CRR6_2,R,209.044,0.314,209.284,20251029,20251028,,,,
89,CRR6_1,R,208.737,0.332,208.982,20251022,20251020,,,,
95,RIB1_1,B,211.103,0.283,211.284,20251022,20251020,,,,
139,RIB1_2,B,209.702,0.269,209.887,20251029,20251028,,,,
11,RIB2_1,B,208.194,0.215,208.325,20251006,20251008,,,,
62,RIB2_2,B,206.406,0.185,206.501,20251014,20251014,,,,
18,RIB3_1,B,206.164,0.141,206.265,20251006,20251008,Could have been RIB3_2 but assigned 1,,,
31,RIB3_1 (UPDATED),B,207.793,0.189,207.928,20251006,20251008,,,,
21,RIB3_2,B,206.489,0.198,206.649,20251006,20251008,,,,
74,RIB3_2 (UPDATED),B,206.66,0.198,206.816,20251014,20251014,,,,
15,RIB4_1,B,206.707,0.369,206.959,20251006,20251008,,,,
58,RIB4_2,B,206.803,0.327,207.043,20251014,20251014,,,,
101,RIB5_1,B,209.398,0.097,209.459,20251022,20251020,,,,
68,RIB5_2,B,207.516,0.058,207.549,20251014,20251014,Didn't look fragmented,,,
134,RIB6_1,B,208.976,0.447,209.318,20251029,20251028,,,,
171,RIB6_2,B,209.927,0.337,210.176,20251029,20251028,,,,
65,RIG2_2,G,205.975,0.276,206.152,20251014,20251014,,,,Only one RIG2
19,RIG3_1,G,208.005,0.111,208.095,20251006,20251008,,,,
102,RIG3_1 (UPDATED),G,208.763,0.067,208.815,20251022,20251020,,,,Missing rig 5 and rig 6
23,RIG3_2,G,206.174,0.154,206.296,20251006,20251008,,,,
69,RIG3_2 (UPDATED),G,207.567,NA,NA,20251014,20251014,Tube empty,,,
12,RIG4_1,G,206.594,0.218,206.377,20251006,20251008,,,,
61,RIG4_2,G,206.744,0.199,206.879,20251014,20251014,,,,
131,RIP1_1,P,208.821,0.075,208.869,20251029,20251028,,,,
168,RIP1_2,P,210.689,0.088,210.751,20251029,20251028,,,,
82,RIP2_10,P,205.838,0.123,205.914,20251014,20251014,,,,
1,RIP2_9,P,206.11,0.089,NA,20251006,20251008,Combined with Tin 2,,,
4,RIP3_1,P,206.128,0.228,206.278,20251006,20251008,,,,
79,RIP3_2,P,207.461,0.193,207.593,20251014,20251014,,,,
5,RIP4_1,P,207.76,0.196,207.919,20251006,20251008,,,,
78,RIP4_2,P,207.908,0.167,208.039,20251014,20251014,,,,
9,RIP5_1,P,207.865,NA,NA,20251006,20251008,Lost in transfer,,,
64,RIP5_2,P,207.766,0.074,207.826,20251014,20251014,,,,
100,RIP6_1,P,206.605,0.093,206.674,20251022,20251020,,,,
67,RIP6_2,P,206.942,0.161,207.057,20251014,20251014,,,,
98,RIR1_1,R,209.661,0.162,209.777,20251022,20251020,,,,
136,RIR1_2,R,210.162,0.055,210.287,20251029,20251028,,,,
2,RIR2_1,R,206.062,0.026,206.075,20251006,20251008,,,,
81,RIR2_2,R,205.408,0.291,205.552,20251014,20251014,,,,
24,RIR3_1,R,208.205,0.198,208.304,20251006,20251008,,,,
73,RIR3_1 (UPDATED),R,206.297,0.134,206.388,20251014,20251014,,,,
113,RIR3_2,R,210.422,0.235,210.579,20251022,20251020,,,,
3,RIR4_1,R,207.199,0.115,207.289,20251006,20251008,,,,
80,RIR4_2,R,207.327,0.453,207.58,20251014,20251014,,,,
55,RIR5_1,R,206.607,0.128,206.69,20251014,20251014,,,,
54,RIR5_2,R,207.353,0.045,207.38,20251014,20251014,,,,
106,RIR5_2 (UPDATED),R,209.33,0.056,209.362,20251022,20251020,,,,
123,RIR6_1,R,209.386,0.276,209.575,20251029,20251028,,,,
160,RIR6_2,R,209.13,0.265,209.316,20251029,20251028,,,,